﻿<?xml version="1.0" encoding="utf-16"?>
<CustomSettingNames>
  <ShowCustomizedSettingNamesOnly>false</ShowCustomizedSettingNamesOnly>
  <Settings>
    <CustomSetting>
      <UserfriendlyName>Antialiasing fix</UserfriendlyName>    
      <HexSettingID>0x000858F7</HexSettingID>
      <MinRequiredDriverVersion>320.14</MinRequiredDriverVersion>
      <Description />
      <GroupName>Compatibility</GroupName>
      <OverrideDefault>0x00000001</OverrideDefault>
	  <SettingValues>
        <CustomSettingValue>
          <UserfriendlyName>On</UserfriendlyName>
          <HexValue>0x00000000</HexValue>
        </CustomSettingValue>        
        <CustomSettingValue>
          <UserfriendlyName>Off</UserfriendlyName>
          <HexValue>0x00000001</HexValue>
        </CustomSettingValue>        
      </SettingValues>
    </CustomSetting>
    <CustomSetting>
      <UserfriendlyName>Vertical Sync Smooth AFR behavior</UserfriendlyName>    
      <HexSettingID>0x101AE763</HexSettingID>
      <MinRequiredDriverVersion>310.00</MinRequiredDriverVersion>
      <Description />
      <GroupName>Common</GroupName>
      <SettingValues>
        <CustomSettingValue>
          <UserfriendlyName>Off</UserfriendlyName>
          <HexValue>0x00000000</HexValue>
        </CustomSettingValue>        
        <CustomSettingValue>
          <UserfriendlyName>On</UserfriendlyName>
          <HexValue>0x00000001</HexValue>
        </CustomSettingValue>        
      </SettingValues>
      <SettingMasks />
    </CustomSetting>        
    <CustomSetting>
      <UserfriendlyName>Texture filtering - Driver Controlled LOD Bias</UserfriendlyName>    
      <HexSettingID>0x00638E8F</HexSettingID>
      <MinRequiredDriverVersion>313.00</MinRequiredDriverVersion>
      <Description />
      <GroupName />
      <SettingValues>
        <CustomSettingValue>
          <UserfriendlyName>Off</UserfriendlyName>
          <HexValue>0x00000000</HexValue>
        </CustomSettingValue>        
        <CustomSettingValue>
          <UserfriendlyName>On</UserfriendlyName>
          <HexValue>0x00000001</HexValue>
        </CustomSettingValue>        
      </SettingValues>
      <SettingMasks />
    </CustomSetting>    
    <CustomSetting>
      <UserfriendlyName>Frame Rate Limiter</UserfriendlyName>
      <HexSettingID>0x10834FEE</HexSettingID>
      <MinRequiredDriverVersion>280.26</MinRequiredDriverVersion>
      <Description />
      <GroupName>Common</GroupName>
      <SettingValues>
        <CustomSettingValue>
          <UserfriendlyName>Off</UserfriendlyName>
          <HexValue>0x00000000</HexValue>
        </CustomSettingValue>
        <CustomSettingValue>
          <UserfriendlyName>29 fps</UserfriendlyName>
          <HexValue>0xF000001D</HexValue>
        </CustomSettingValue>
        <CustomSettingValue>
          <UserfriendlyName>30 fps</UserfriendlyName>
          <HexValue>0xF000001E</HexValue>
        </CustomSettingValue>
        <CustomSettingValue>
          <UserfriendlyName>35 fps</UserfriendlyName>
          <HexValue>0xF0000023</HexValue>
        </CustomSettingValue>
        <CustomSettingValue>
          <UserfriendlyName>40 fps</UserfriendlyName>
          <HexValue>0xF0000028</HexValue>
        </CustomSettingValue>
        <CustomSettingValue>
          <UserfriendlyName>44 fps</UserfriendlyName>
          <HexValue>0xF000002C</HexValue>
        </CustomSettingValue>
        <CustomSettingValue>
          <UserfriendlyName>45 fps</UserfriendlyName>
          <HexValue>0xF000002D</HexValue>
        </CustomSettingValue>
        <CustomSettingValue>
          <UserfriendlyName>50 fps</UserfriendlyName>
          <HexValue>0xF0000032</HexValue>
        </CustomSettingValue>
        <CustomSettingValue>
          <UserfriendlyName>55 fps</UserfriendlyName>
          <HexValue>0xF0000037</HexValue>
        </CustomSettingValue>
        <CustomSettingValue>
          <UserfriendlyName>58 fps ( might improve inputlag on vsync 60Hz )</UserfriendlyName>
          <HexValue>0xF000003A</HexValue>
        </CustomSettingValue>
        <CustomSettingValue>
          <UserfriendlyName>59 fps</UserfriendlyName>
          <HexValue>0xF000003B</HexValue>
        </CustomSettingValue>
        <CustomSettingValue>
          <UserfriendlyName>60 fps</UserfriendlyName>
          <HexValue>0xF000003C</HexValue>
        </CustomSettingValue>
        <CustomSettingValue>
          <UserfriendlyName>65 fps</UserfriendlyName>
          <HexValue>0xF0000041</HexValue>
        </CustomSettingValue>
        <CustomSettingValue>
          <UserfriendlyName>70 fps</UserfriendlyName>
          <HexValue>0xF0000046</HexValue>
        </CustomSettingValue>
        <CustomSettingValue>
          <UserfriendlyName>73 fps ( might improve inputlag on vsync 75Hz )</UserfriendlyName>
          <HexValue>0xF0000049</HexValue>
        </CustomSettingValue>
        <CustomSettingValue>
          <UserfriendlyName>74 fps</UserfriendlyName>
          <HexValue>0xF000004A</HexValue>
        </CustomSettingValue>
        <CustomSettingValue>
          <UserfriendlyName>75 fps</UserfriendlyName>
          <HexValue>0xF000004B</HexValue>
        </CustomSettingValue>
	<CustomSettingValue>
          <UserfriendlyName>118 fps ( might improve inputlag on vsync 120Hz )</UserfriendlyName>
          <HexValue>0xF0000076</HexValue>
        </CustomSettingValue>
        <CustomSettingValue>
          <UserfriendlyName>119 fps</UserfriendlyName>
          <HexValue>0xF0000077</HexValue>
        </CustomSettingValue>
        <CustomSettingValue>
          <UserfriendlyName>120 fps</UserfriendlyName>
          <HexValue>0xF0000078</HexValue>
        </CustomSettingValue>
        <CustomSettingValue>
          <UserfriendlyName>60°C</UserfriendlyName>
          <HexValue>0xF200003C</HexValue>
        </CustomSettingValue>
        <CustomSettingValue>
          <UserfriendlyName>65°C</UserfriendlyName>
          <HexValue>0xF2000041</HexValue>
        </CustomSettingValue>
        <CustomSettingValue>
          <UserfriendlyName>70°C</UserfriendlyName>
          <HexValue>0xF2000046</HexValue>
        </CustomSettingValue>
        <CustomSettingValue>
          <UserfriendlyName>75°C</UserfriendlyName>
          <HexValue>0xF200004B</HexValue>
        </CustomSettingValue>
	<CustomSettingValue>
          <UserfriendlyName>80°C</UserfriendlyName>
          <HexValue>0xF2000050</HexValue>
        </CustomSettingValue>
        <CustomSettingValue>
          <UserfriendlyName>85°C</UserfriendlyName>
          <HexValue>0xF2000055</HexValue>
        </CustomSettingValue>
        <CustomSettingValue>
          <UserfriendlyName>90°C</UserfriendlyName>
          <HexValue>0xF200005A</HexValue>
        </CustomSettingValue>        
      </SettingValues>
      <SettingMasks />
    </CustomSetting>
    <CustomSetting>
      <UserfriendlyName>Toggle FXAA on or off</UserfriendlyName>    
      <HexSettingID>0x1074C972</HexSettingID>
      <MinRequiredDriverVersion>300.00</MinRequiredDriverVersion>
      <Description />
      <GroupName>Antialiasing</GroupName>
      <SettingValues>
        <CustomSettingValue>
          <UserfriendlyName>Off</UserfriendlyName>
          <HexValue>0x00000000</HexValue>
        </CustomSettingValue>        
        <CustomSettingValue>
          <UserfriendlyName>On</UserfriendlyName>
          <HexValue>0x00000001</HexValue>
        </CustomSettingValue>        
      </SettingValues>
      <SettingMasks />
    </CustomSetting>
    <CustomSetting>
      <UserfriendlyName>Toggle FXAA Indicator on or off</UserfriendlyName>    
      <HexSettingID>0x1068FB9C</HexSettingID>
      <MinRequiredDriverVersion>300.00</MinRequiredDriverVersion>
      <Description />
      <GroupName>Antialiasing</GroupName>
      <SettingValues>
        <CustomSettingValue>
          <UserfriendlyName>Off</UserfriendlyName>
          <HexValue>0x00000000</HexValue>
        </CustomSettingValue>        
        <CustomSettingValue>
          <UserfriendlyName>On</UserfriendlyName>
          <HexValue>0x00000001</HexValue>
        </CustomSettingValue>        
      </SettingValues>
      <SettingMasks />
    </CustomSetting>
    <CustomSetting>
      <UserfriendlyName>NVIDIA Predefined FXAA Usage</UserfriendlyName>    
      <HexSettingID>0x1034CB89</HexSettingID>
      <MinRequiredDriverVersion>300.00</MinRequiredDriverVersion>
      <Description />
      <GroupName>Antialiasing</GroupName>
      <SettingValues>
        <CustomSettingValue>
          <UserfriendlyName>Disallowed</UserfriendlyName>
          <HexValue>0x00000000</HexValue>
        </CustomSettingValue>        
        <CustomSettingValue>
          <UserfriendlyName>Allowed</UserfriendlyName>
          <HexValue>0x00000001</HexValue>
        </CustomSettingValue>        
      </SettingValues>
      <SettingMasks />
    </CustomSetting>
    <CustomSetting>
      <UserfriendlyName>Antialiasing - Line gamma</UserfriendlyName>
      <HexSettingID>0x2089BF6C</HexSettingID>
      <Description />
      <GroupName />
      <SettingValues>
        <CustomSettingValue>
          <UserfriendlyName>Disabled</UserfriendlyName>
          <HexValue>0x00000000</HexValue>
        </CustomSettingValue>
        <CustomSettingValue>
          <UserfriendlyName>Default</UserfriendlyName>
          <HexValue>0x00000010</HexValue>
        </CustomSettingValue>
        <CustomSettingValue>
          <UserfriendlyName>Enabled</UserfriendlyName>
          <HexValue>0x00000023</HexValue>
        </CustomSettingValue>        
      </SettingValues>
      <SettingMasks />
    </CustomSetting>
    <CustomSetting>
      <UserfriendlyName>Texture filtering - LOD Bias (DX)</UserfriendlyName>
      <HexSettingID>0x00738E8F</HexSettingID>
      <Description />
      <GroupName />
      <SettingValues>
        <CustomSettingValue>
          <UserfriendlyName>-3.0000</UserfriendlyName>
          <HexValue>0xFFFFFFE8</HexValue>
        </CustomSettingValue>
        <CustomSettingValue>
          <UserfriendlyName>-2.8750</UserfriendlyName>
          <HexValue>0xFFFFFFE9</HexValue>
        </CustomSettingValue>
        <CustomSettingValue>
          <UserfriendlyName>-2.7500</UserfriendlyName>
          <HexValue>0xFFFFFFEA</HexValue>
        </CustomSettingValue>
        <CustomSettingValue>
          <UserfriendlyName>-2.6250</UserfriendlyName>
          <HexValue>0xFFFFFFEB</HexValue>
        </CustomSettingValue>
        <CustomSettingValue>
          <UserfriendlyName>-2.5000</UserfriendlyName>
          <HexValue>0xFFFFFFEC</HexValue>
        </CustomSettingValue>
        <CustomSettingValue>
          <UserfriendlyName>-2.3750</UserfriendlyName>
          <HexValue>0xFFFFFFED</HexValue>
        </CustomSettingValue>
        <CustomSettingValue>
          <UserfriendlyName>-2.2500</UserfriendlyName>
          <HexValue>0xFFFFFFEE</HexValue>
        </CustomSettingValue>
        <CustomSettingValue>
          <UserfriendlyName>-2.1250</UserfriendlyName>
          <HexValue>0xFFFFFFEF</HexValue>
        </CustomSettingValue>
        <CustomSettingValue>
          <UserfriendlyName>-2.0000</UserfriendlyName>
          <HexValue>0xFFFFFFF0</HexValue>
        </CustomSettingValue>
        <CustomSettingValue>
          <UserfriendlyName>-1.8750</UserfriendlyName>
          <HexValue>0xFFFFFFF1</HexValue>
        </CustomSettingValue>
        <CustomSettingValue>
          <UserfriendlyName>-1.7500</UserfriendlyName>
          <HexValue>0xFFFFFFF2</HexValue>
        </CustomSettingValue>
        <CustomSettingValue>
          <UserfriendlyName>-1.6250</UserfriendlyName>
          <HexValue>0xFFFFFFF3</HexValue>
        </CustomSettingValue>
        <CustomSettingValue>
          <UserfriendlyName>-1.5000</UserfriendlyName>
          <HexValue>0xFFFFFFF4</HexValue>
        </CustomSettingValue>
        <CustomSettingValue>
          <UserfriendlyName>-1.3750</UserfriendlyName>
          <HexValue>0xFFFFFFF5</HexValue>
        </CustomSettingValue>
        <CustomSettingValue>
          <UserfriendlyName>-1.2500</UserfriendlyName>
          <HexValue>0xFFFFFFF6</HexValue>
        </CustomSettingValue>
        <CustomSettingValue>
          <UserfriendlyName>-1.1250</UserfriendlyName>
          <HexValue>0xFFFFFFF7</HexValue>
        </CustomSettingValue>
        <CustomSettingValue>
          <UserfriendlyName>-1.0000</UserfriendlyName>
          <HexValue>0xFFFFFFF8</HexValue>
        </CustomSettingValue>
        <CustomSettingValue>
          <UserfriendlyName>-0.8750</UserfriendlyName>
          <HexValue>0xFFFFFFF9</HexValue>
        </CustomSettingValue>
        <CustomSettingValue>
          <UserfriendlyName>-0.7500</UserfriendlyName>
          <HexValue>0xFFFFFFFA</HexValue>
        </CustomSettingValue>
        <CustomSettingValue>
          <UserfriendlyName>-0.6250</UserfriendlyName>
          <HexValue>0xFFFFFFFB</HexValue>
        </CustomSettingValue>
        <CustomSettingValue>
          <UserfriendlyName>-0.5000</UserfriendlyName>
          <HexValue>0xFFFFFFFC</HexValue>
        </CustomSettingValue>
        <CustomSettingValue>
          <UserfriendlyName>-0.3750</UserfriendlyName>
          <HexValue>0xFFFFFFFD</HexValue>
        </CustomSettingValue>
        <CustomSettingValue>
          <UserfriendlyName>-0.2500</UserfriendlyName>
          <HexValue>0xFFFFFFFE</HexValue>
        </CustomSettingValue>
        <CustomSettingValue>
          <UserfriendlyName>-0.1250</UserfriendlyName>
          <HexValue>0xFFFFFFFF</HexValue>
        </CustomSettingValue>
        <CustomSettingValue>
          <UserfriendlyName>+0.0000</UserfriendlyName>
          <HexValue>0x00000000</HexValue>
        </CustomSettingValue>
        <CustomSettingValue>
          <UserfriendlyName>+0.1250</UserfriendlyName>
          <HexValue>0x00000001</HexValue>
        </CustomSettingValue>
        <CustomSettingValue>
          <UserfriendlyName>+0.2500</UserfriendlyName>
          <HexValue>0x00000002</HexValue>
        </CustomSettingValue>
        <CustomSettingValue>
          <UserfriendlyName>+0.3750</UserfriendlyName>
          <HexValue>0x00000003</HexValue>
        </CustomSettingValue>
        <CustomSettingValue>
          <UserfriendlyName>+0.5000</UserfriendlyName>
          <HexValue>0x00000004</HexValue>
        </CustomSettingValue>
        <CustomSettingValue>
          <UserfriendlyName>+0.6250</UserfriendlyName>
          <HexValue>0x00000005</HexValue>
        </CustomSettingValue>
        <CustomSettingValue>
          <UserfriendlyName>+0.7500</UserfriendlyName>
          <HexValue>0x00000006</HexValue>
        </CustomSettingValue>
        <CustomSettingValue>
          <UserfriendlyName>+0.8750</UserfriendlyName>
          <HexValue>0x00000007</HexValue>
        </CustomSettingValue>
        <CustomSettingValue>
          <UserfriendlyName>+1.0000</UserfriendlyName>
          <HexValue>0x00000008</HexValue>
        </CustomSettingValue>
        <CustomSettingValue>
          <UserfriendlyName>+1.1250</UserfriendlyName>
          <HexValue>0x00000009</HexValue>
        </CustomSettingValue>
        <CustomSettingValue>
          <UserfriendlyName>+1.2500</UserfriendlyName>
          <HexValue>0x0000000A</HexValue>
        </CustomSettingValue>
        <CustomSettingValue>
          <UserfriendlyName>+1.3750</UserfriendlyName>
          <HexValue>0x0000000B</HexValue>
        </CustomSettingValue>
        <CustomSettingValue>
          <UserfriendlyName>+1.5000</UserfriendlyName>
          <HexValue>0x0000000C</HexValue>
        </CustomSettingValue>
        <CustomSettingValue>
          <UserfriendlyName>+1.6250</UserfriendlyName>
          <HexValue>0x0000000D</HexValue>
        </CustomSettingValue>
        <CustomSettingValue>
          <UserfriendlyName>+1.7500</UserfriendlyName>
          <HexValue>0x0000000E</HexValue>
        </CustomSettingValue>
        <CustomSettingValue>
          <UserfriendlyName>+1.8750</UserfriendlyName>
          <HexValue>0x0000000F</HexValue>
        </CustomSettingValue>
        <CustomSettingValue>
          <UserfriendlyName>+2.0000</UserfriendlyName>
          <HexValue>0x00000010</HexValue>
        </CustomSettingValue>
        <CustomSettingValue>
          <UserfriendlyName>+2.1250</UserfriendlyName>
          <HexValue>0x00000011</HexValue>
        </CustomSettingValue>
        <CustomSettingValue>
          <UserfriendlyName>+2.2500</UserfriendlyName>
          <HexValue>0x00000012</HexValue>
        </CustomSettingValue>
        <CustomSettingValue>
          <UserfriendlyName>+2.3750</UserfriendlyName>
          <HexValue>0x00000013</HexValue>
        </CustomSettingValue>
        <CustomSettingValue>
          <UserfriendlyName>+2.5000</UserfriendlyName>
          <HexValue>0x00000014</HexValue>
        </CustomSettingValue>
        <CustomSettingValue>
          <UserfriendlyName>+2.6250</UserfriendlyName>
          <HexValue>0x00000015</HexValue>
        </CustomSettingValue>
        <CustomSettingValue>
          <UserfriendlyName>+2.7500</UserfriendlyName>
          <HexValue>0x00000016</HexValue>
        </CustomSettingValue>
        <CustomSettingValue>
          <UserfriendlyName>+2.8750</UserfriendlyName>
          <HexValue>0x00000017</HexValue>
        </CustomSettingValue>
        <CustomSettingValue>
          <UserfriendlyName>+3.0000</UserfriendlyName>
          <HexValue>0x00000018</HexValue>
        </CustomSettingValue>
      </SettingValues>
      <SettingMasks />
    </CustomSetting>
	<CustomSetting>
      <UserfriendlyName>Texture filtering - LOD Bias (OGL)</UserfriendlyName>
      <HexSettingID>0x20403F79</HexSettingID>
      <Description />
      <GroupName />
      <SettingValues>
		<CustomSettingValue>
          <UserfriendlyName>-3.0000</UserfriendlyName>
          <HexValue>0xFFFFFFD0</HexValue>
        </CustomSettingValue>
        <CustomSettingValue>
          <UserfriendlyName>-2.9375</UserfriendlyName>
          <HexValue>0xFFFFFFD1</HexValue>
        </CustomSettingValue>
        <CustomSettingValue>
          <UserfriendlyName>-2.8750</UserfriendlyName>
          <HexValue>0xFFFFFFD2</HexValue>
        </CustomSettingValue>
        <CustomSettingValue>
          <UserfriendlyName>-2.8125</UserfriendlyName>
          <HexValue>0xFFFFFFD3</HexValue>
        </CustomSettingValue>
        <CustomSettingValue>
          <UserfriendlyName>-2.7500</UserfriendlyName>
          <HexValue>0xFFFFFFD4</HexValue>
        </CustomSettingValue>
        <CustomSettingValue>
          <UserfriendlyName>-2.6875</UserfriendlyName>
          <HexValue>0xFFFFFFD5</HexValue>
        </CustomSettingValue>
        <CustomSettingValue>
          <UserfriendlyName>-2.6250</UserfriendlyName>
          <HexValue>0xFFFFFFD6</HexValue>
        </CustomSettingValue>
        <CustomSettingValue>
          <UserfriendlyName>-2.5625</UserfriendlyName>
          <HexValue>0xFFFFFFD7</HexValue>
        </CustomSettingValue>
        <CustomSettingValue>
          <UserfriendlyName>-2.5000</UserfriendlyName>
          <HexValue>0xFFFFFFD8</HexValue>
        </CustomSettingValue>
        <CustomSettingValue>
          <UserfriendlyName>-2.4375</UserfriendlyName>
          <HexValue>0xFFFFFFD9</HexValue>
        </CustomSettingValue>
        <CustomSettingValue>
          <UserfriendlyName>-2.3750</UserfriendlyName>
          <HexValue>0xFFFFFFDA</HexValue>
        </CustomSettingValue>
        <CustomSettingValue>
          <UserfriendlyName>-2.3125</UserfriendlyName>
          <HexValue>0xFFFFFFDB</HexValue>
        </CustomSettingValue>
        <CustomSettingValue>
          <UserfriendlyName>-2.2500</UserfriendlyName>
          <HexValue>0xFFFFFFDC</HexValue>
        </CustomSettingValue>
        <CustomSettingValue>
          <UserfriendlyName>-2.1875</UserfriendlyName>
          <HexValue>0xFFFFFFDD</HexValue>
        </CustomSettingValue>
        <CustomSettingValue>
          <UserfriendlyName>-21250</UserfriendlyName>
          <HexValue>0xFFFFFFDE</HexValue>
        </CustomSettingValue>
        <CustomSettingValue>
          <UserfriendlyName>-2.0625</UserfriendlyName>
          <HexValue>0xFFFFFFDF</HexValue>
        </CustomSettingValue>
		<CustomSettingValue>
          <UserfriendlyName>-2.0000</UserfriendlyName>
          <HexValue>0xFFFFFFE0</HexValue>
        </CustomSettingValue>
        <CustomSettingValue>
          <UserfriendlyName>-1.9375</UserfriendlyName>
          <HexValue>0xFFFFFFE1</HexValue>
        </CustomSettingValue>
        <CustomSettingValue>
          <UserfriendlyName>-1.8750</UserfriendlyName>
          <HexValue>0xFFFFFFE2</HexValue>
        </CustomSettingValue>
        <CustomSettingValue>
          <UserfriendlyName>-1.8125</UserfriendlyName>
          <HexValue>0xFFFFFFE3</HexValue>
        </CustomSettingValue>
        <CustomSettingValue>
          <UserfriendlyName>-1.7500</UserfriendlyName>
          <HexValue>0xFFFFFFE4</HexValue>
        </CustomSettingValue>
        <CustomSettingValue>
          <UserfriendlyName>-1.6875</UserfriendlyName>
          <HexValue>0xFFFFFFE5</HexValue>
        </CustomSettingValue>
        <CustomSettingValue>
          <UserfriendlyName>-1.6250</UserfriendlyName>
          <HexValue>0xFFFFFFE6</HexValue>
        </CustomSettingValue>
        <CustomSettingValue>
          <UserfriendlyName>-1.5625</UserfriendlyName>
          <HexValue>0xFFFFFFE7</HexValue>
        </CustomSettingValue>
        <CustomSettingValue>
          <UserfriendlyName>-1.5000</UserfriendlyName>
          <HexValue>0xFFFFFFE8</HexValue>
        </CustomSettingValue>
        <CustomSettingValue>
          <UserfriendlyName>-1.4375</UserfriendlyName>
          <HexValue>0xFFFFFFE9</HexValue>
        </CustomSettingValue>
        <CustomSettingValue>
          <UserfriendlyName>-1.3750</UserfriendlyName>
          <HexValue>0xFFFFFFEA</HexValue>
        </CustomSettingValue>
        <CustomSettingValue>
          <UserfriendlyName>-1.3125</UserfriendlyName>
          <HexValue>0xFFFFFFEB</HexValue>
        </CustomSettingValue>
        <CustomSettingValue>
          <UserfriendlyName>-1.2500</UserfriendlyName>
          <HexValue>0xFFFFFFEC</HexValue>
        </CustomSettingValue>
        <CustomSettingValue>
          <UserfriendlyName>-1.1875</UserfriendlyName>
          <HexValue>0xFFFFFFED</HexValue>
        </CustomSettingValue>
        <CustomSettingValue>
          <UserfriendlyName>-1.1250</UserfriendlyName>
          <HexValue>0xFFFFFFEE</HexValue>
        </CustomSettingValue>
        <CustomSettingValue>
          <UserfriendlyName>-1.0625</UserfriendlyName>
          <HexValue>0xFFFFFFEF</HexValue>
        </CustomSettingValue>
        <CustomSettingValue>
          <UserfriendlyName>-1.0000</UserfriendlyName>
          <HexValue>0xFFFFFFF0</HexValue>
        </CustomSettingValue>
        <CustomSettingValue>
          <UserfriendlyName>-0.9375</UserfriendlyName>
          <HexValue>0xFFFFFFF1</HexValue>
        </CustomSettingValue>
        <CustomSettingValue>
          <UserfriendlyName>-0.8750</UserfriendlyName>
          <HexValue>0xFFFFFFF2</HexValue>
        </CustomSettingValue>
        <CustomSettingValue>
          <UserfriendlyName>-0.8125</UserfriendlyName>
          <HexValue>0xFFFFFFF3</HexValue>
        </CustomSettingValue>
        <CustomSettingValue>
          <UserfriendlyName>-0.7500</UserfriendlyName>
          <HexValue>0xFFFFFFF4</HexValue>
        </CustomSettingValue>
        <CustomSettingValue>
          <UserfriendlyName>-0.6875</UserfriendlyName>
          <HexValue>0xFFFFFFF5</HexValue>
        </CustomSettingValue>
        <CustomSettingValue>
          <UserfriendlyName>-0.6250</UserfriendlyName>
          <HexValue>0xFFFFFFF6</HexValue>
        </CustomSettingValue>
        <CustomSettingValue>
          <UserfriendlyName>-0.5625</UserfriendlyName>
          <HexValue>0xFFFFFFF7</HexValue>
        </CustomSettingValue>
        <CustomSettingValue>
          <UserfriendlyName>-0.5000</UserfriendlyName>
          <HexValue>0xFFFFFFF8</HexValue>
        </CustomSettingValue>
        <CustomSettingValue>
          <UserfriendlyName>-0.4375</UserfriendlyName>
          <HexValue>0xFFFFFFF9</HexValue>
        </CustomSettingValue>
        <CustomSettingValue>
          <UserfriendlyName>-0.3750</UserfriendlyName>
          <HexValue>0xFFFFFFFA</HexValue>
        </CustomSettingValue>
        <CustomSettingValue>
          <UserfriendlyName>-0.3125</UserfriendlyName>
          <HexValue>0xFFFFFFFB</HexValue>
        </CustomSettingValue>
        <CustomSettingValue>
          <UserfriendlyName>-0.2500</UserfriendlyName>
          <HexValue>0xFFFFFFFC</HexValue>
        </CustomSettingValue>
        <CustomSettingValue>
          <UserfriendlyName>-0.1875</UserfriendlyName>
          <HexValue>0xFFFFFFFD</HexValue>
        </CustomSettingValue>
        <CustomSettingValue>
          <UserfriendlyName>-0.1250</UserfriendlyName>
          <HexValue>0xFFFFFFFE</HexValue>
        </CustomSettingValue>
        <CustomSettingValue>
          <UserfriendlyName>-0.0625</UserfriendlyName>
          <HexValue>0xFFFFFFFF</HexValue>
        </CustomSettingValue>
        <CustomSettingValue>
          <UserfriendlyName>+0.0000</UserfriendlyName>
          <HexValue>0x00000000</HexValue>
        </CustomSettingValue>
        <CustomSettingValue>
          <UserfriendlyName>+0.0625</UserfriendlyName>
          <HexValue>0x00000001</HexValue>
        </CustomSettingValue>
        <CustomSettingValue>
          <UserfriendlyName>+0.1250</UserfriendlyName>
          <HexValue>0x00000002</HexValue>
        </CustomSettingValue>
        <CustomSettingValue>
          <UserfriendlyName>+0.1875</UserfriendlyName>
          <HexValue>0x00000003</HexValue>
        </CustomSettingValue>
        <CustomSettingValue>
          <UserfriendlyName>+0.2500</UserfriendlyName>
          <HexValue>0x00000004</HexValue>
        </CustomSettingValue>
        <CustomSettingValue>
          <UserfriendlyName>+0.3125</UserfriendlyName>
          <HexValue>0x00000005</HexValue>
        </CustomSettingValue>
        <CustomSettingValue>
          <UserfriendlyName>+0.3750</UserfriendlyName>
          <HexValue>0x00000006</HexValue>
        </CustomSettingValue>
        <CustomSettingValue>
          <UserfriendlyName>+0.4375</UserfriendlyName>
          <HexValue>0x00000007</HexValue>
        </CustomSettingValue>
        <CustomSettingValue>
          <UserfriendlyName>+0.5000</UserfriendlyName>
          <HexValue>0x00000008</HexValue>
        </CustomSettingValue>
        <CustomSettingValue>
          <UserfriendlyName>+0.5625</UserfriendlyName>
          <HexValue>0x00000009</HexValue>
        </CustomSettingValue>
        <CustomSettingValue>
          <UserfriendlyName>+0.6250</UserfriendlyName>
          <HexValue>0x0000000A</HexValue>
        </CustomSettingValue>
        <CustomSettingValue>
          <UserfriendlyName>+0.6875</UserfriendlyName>
          <HexValue>0x0000000B</HexValue>
        </CustomSettingValue>
        <CustomSettingValue>
          <UserfriendlyName>+0.7500</UserfriendlyName>
          <HexValue>0x0000000C</HexValue>
        </CustomSettingValue>
        <CustomSettingValue>
          <UserfriendlyName>+0.8125</UserfriendlyName>
          <HexValue>0x0000000D</HexValue>
        </CustomSettingValue>
        <CustomSettingValue>
          <UserfriendlyName>+0.8750</UserfriendlyName>
          <HexValue>0x0000000E</HexValue>
        </CustomSettingValue>
        <CustomSettingValue>
          <UserfriendlyName>+0.9375</UserfriendlyName>
          <HexValue>0x0000000F</HexValue>
        </CustomSettingValue>
        <CustomSettingValue>
          <UserfriendlyName>+1.0000</UserfriendlyName>
          <HexValue>0x00000010</HexValue>
        </CustomSettingValue>
         <CustomSettingValue>
          <UserfriendlyName>+1.0625</UserfriendlyName>
          <HexValue>0x00000011</HexValue>
        </CustomSettingValue>
        <CustomSettingValue>
          <UserfriendlyName>+1.1250</UserfriendlyName>
          <HexValue>0x00000012</HexValue>
        </CustomSettingValue>
        <CustomSettingValue>
          <UserfriendlyName>+1.1875</UserfriendlyName>
          <HexValue>0x00000013</HexValue>
        </CustomSettingValue>
        <CustomSettingValue>
          <UserfriendlyName>+1.2500</UserfriendlyName>
          <HexValue>0x00000014</HexValue>
        </CustomSettingValue>
        <CustomSettingValue>
          <UserfriendlyName>+1.3125</UserfriendlyName>
          <HexValue>0x00000015</HexValue>
        </CustomSettingValue>
        <CustomSettingValue>
          <UserfriendlyName>+1.3750</UserfriendlyName>
          <HexValue>0x00000016</HexValue>
        </CustomSettingValue>
        <CustomSettingValue>
          <UserfriendlyName>+1.4375</UserfriendlyName>
          <HexValue>0x00000017</HexValue>
        </CustomSettingValue>
        <CustomSettingValue>
          <UserfriendlyName>+1.5000</UserfriendlyName>
          <HexValue>0x00000018</HexValue>
        </CustomSettingValue>
        <CustomSettingValue>
          <UserfriendlyName>+1.5625</UserfriendlyName>
          <HexValue>0x00000019</HexValue>
        </CustomSettingValue>
        <CustomSettingValue>
          <UserfriendlyName>+1.6250</UserfriendlyName>
          <HexValue>0x0000001A</HexValue>
        </CustomSettingValue>
        <CustomSettingValue>
          <UserfriendlyName>+1.6875</UserfriendlyName>
          <HexValue>0x0000001B</HexValue>
        </CustomSettingValue>
        <CustomSettingValue>
          <UserfriendlyName>+1.7500</UserfriendlyName>
          <HexValue>0x0000001C</HexValue>
        </CustomSettingValue>
        <CustomSettingValue>
          <UserfriendlyName>+1.8125</UserfriendlyName>
          <HexValue>0x0000001D</HexValue>
        </CustomSettingValue>
        <CustomSettingValue>
          <UserfriendlyName>+1.8750</UserfriendlyName>
          <HexValue>0x0000001E</HexValue>
        </CustomSettingValue>
        <CustomSettingValue>
          <UserfriendlyName>+1.9375</UserfriendlyName>
          <HexValue>0x0000001F</HexValue>
        </CustomSettingValue>
        <CustomSettingValue>
          <UserfriendlyName>+2.0000</UserfriendlyName>
          <HexValue>0x00000020</HexValue>
        </CustomSettingValue>
		 <CustomSettingValue>
          <UserfriendlyName>+2.0625</UserfriendlyName>
          <HexValue>0x00000021</HexValue>
        </CustomSettingValue>
        <CustomSettingValue>
          <UserfriendlyName>+2.1250</UserfriendlyName>
          <HexValue>0x00000022</HexValue>
        </CustomSettingValue>
        <CustomSettingValue>
          <UserfriendlyName>+2.1875</UserfriendlyName>
          <HexValue>0x00000023</HexValue>
        </CustomSettingValue>
        <CustomSettingValue>
          <UserfriendlyName>+2.2500</UserfriendlyName>
          <HexValue>0x00000024</HexValue>
        </CustomSettingValue>
        <CustomSettingValue>
          <UserfriendlyName>+2.3125</UserfriendlyName>
          <HexValue>0x00000025</HexValue>
        </CustomSettingValue>
        <CustomSettingValue>
          <UserfriendlyName>+2.3750</UserfriendlyName>
          <HexValue>0x00000026</HexValue>
        </CustomSettingValue>
        <CustomSettingValue>
          <UserfriendlyName>+2.4375</UserfriendlyName>
          <HexValue>0x00000027</HexValue>
        </CustomSettingValue>
        <CustomSettingValue>
          <UserfriendlyName>+2.5000</UserfriendlyName>
          <HexValue>0x00000028</HexValue>
        </CustomSettingValue>
        <CustomSettingValue>
          <UserfriendlyName>+2.5625</UserfriendlyName>
          <HexValue>0x00000029</HexValue>
        </CustomSettingValue>
        <CustomSettingValue>
          <UserfriendlyName>+2.6250</UserfriendlyName>
          <HexValue>0x0000002A</HexValue>
        </CustomSettingValue>
        <CustomSettingValue>
          <UserfriendlyName>+2.6875</UserfriendlyName>
          <HexValue>0x0000002B</HexValue>
        </CustomSettingValue>
        <CustomSettingValue>
          <UserfriendlyName>+2.7500</UserfriendlyName>
          <HexValue>0x0000002C</HexValue>
        </CustomSettingValue>
        <CustomSettingValue>
          <UserfriendlyName>+2.8125</UserfriendlyName>
          <HexValue>0x0000002D</HexValue>
        </CustomSettingValue>
        <CustomSettingValue>
          <UserfriendlyName>+2.8750</UserfriendlyName>
          <HexValue>0x0000002E</HexValue>
        </CustomSettingValue>
        <CustomSettingValue>
          <UserfriendlyName>+2.9375</UserfriendlyName>
          <HexValue>0x0000002F</HexValue>
        </CustomSettingValue>
        <CustomSettingValue>
          <UserfriendlyName>+3.0000</UserfriendlyName>
          <HexValue>0x00000030</HexValue>
        </CustomSettingValue>
      </SettingValues>
      <SettingMasks />
    </CustomSetting>
    <CustomSetting>
      <UserfriendlyName>SLI compatibility bits (DX1x)</UserfriendlyName>
      <HexSettingID>0x00A06946</HexSettingID>
      <Description />
      <GroupName>Compatibility</GroupName>
      <SettingValues />
      <SettingMasks>
        <CustomSettingMask>
          <UserfriendlyName>SLI Mode</UserfriendlyName>
          <HexMask>0x0000000F</HexMask>
          <MaskValues>
            <CustomSettingValue>
              <UserfriendlyName>Auto</UserfriendlyName>
              <HexValue>0x00000000</HexValue>
            </CustomSettingValue>
            <CustomSettingValue>
              <UserfriendlyName>Single</UserfriendlyName>
              <HexValue>0x00000004</HexValue>
            </CustomSettingValue>
            <CustomSettingValue>
              <UserfriendlyName>AFR</UserfriendlyName>
              <HexValue>0x00000001</HexValue>
            </CustomSettingValue>
            <CustomSettingValue>
              <UserfriendlyName>SFR</UserfriendlyName>
              <HexValue>0x00000002</HexValue>
            </CustomSettingValue>
            <CustomSettingValue>
              <UserfriendlyName>AFR-SFR</UserfriendlyName>
              <HexValue>0x00000003</HexValue>
            </CustomSettingValue>
            <CustomSettingValue>
              <UserfriendlyName>3 Way SLI AFR</UserfriendlyName>
              <HexValue>0x00000006</HexValue>
            </CustomSettingValue>
            <CustomSettingValue>
              <UserfriendlyName>4 Way SLI AFR</UserfriendlyName>
              <HexValue>0x00000005</HexValue>
            </CustomSettingValue>
          </MaskValues>
        </CustomSettingMask>
      </SettingMasks>
    </CustomSetting>
    <CustomSetting>
      <UserfriendlyName>SLI compatibility bits</UserfriendlyName>
      <HexSettingID>0x1095DEF8</HexSettingID>
      <Description />
      <GroupName>Compatibility</GroupName>
      <SettingValues />
      <SettingMasks>
        <CustomSettingMask>
          <UserfriendlyName>SLI Mode</UserfriendlyName>
          <HexMask>0x00000007</HexMask>
          <MaskValues>
            <CustomSettingValue>
              <UserfriendlyName>Auto</UserfriendlyName>
              <HexValue>0x00000000</HexValue>
            </CustomSettingValue>
            <CustomSettingValue>
              <UserfriendlyName>Single</UserfriendlyName>
              <HexValue>0x00000004</HexValue>
            </CustomSettingValue>
            <CustomSettingValue>
              <UserfriendlyName>AFR</UserfriendlyName>
              <HexValue>0x00000001</HexValue>
            </CustomSettingValue>
            <CustomSettingValue>
              <UserfriendlyName>SFR</UserfriendlyName>
              <HexValue>0x00000002</HexValue>
            </CustomSettingValue>
            <CustomSettingValue>
              <UserfriendlyName>AFR-SFR</UserfriendlyName>
              <HexValue>0x00000003</HexValue>
            </CustomSettingValue>
            <CustomSettingValue>
              <UserfriendlyName>3 Way SLI AFR</UserfriendlyName>
              <HexValue>0x00000006</HexValue>
            </CustomSettingValue>
            <CustomSettingValue>
              <UserfriendlyName>4 Way SLI AFR</UserfriendlyName>
              <HexValue>0x00000005</HexValue>
            </CustomSettingValue>
          </MaskValues>
        </CustomSettingMask>
        <CustomSettingMask>
          <UserfriendlyName>AFR Mode</UserfriendlyName>
          <HexMask>0x02430000</HexMask>
          <MaskValues>
            <CustomSettingValue>
              <UserfriendlyName>AFR 1</UserfriendlyName>
              <HexValue>0x00000000</HexValue>
            </CustomSettingValue>
            <CustomSettingValue>
              <UserfriendlyName>AFR 2</UserfriendlyName>
              <HexValue>0x02430000</HexValue>
            </CustomSettingValue>
          </MaskValues>
        </CustomSettingMask>
      </SettingMasks>
    </CustomSetting>
    <CustomSetting>
      <UserfriendlyName>Antialiasing compatibility</UserfriendlyName>
      <HexSettingID>0x00D55F7D</HexSettingID>
      <Description />
      <GroupName>Compatibility</GroupName>
      <SettingValues />
      <SettingMasks />
    </CustomSetting>
    <CustomSetting>
      <UserfriendlyName>Antialiasing compatibility (DX1x)</UserfriendlyName>
      <HexSettingID>0x00E32F8A</HexSettingID>
      <Description />
      <GroupName>Compatibility</GroupName>
      <SettingValues />
      <SettingMasks />
    </CustomSetting>
    <CustomSetting>
      <UserfriendlyName>Ambient Occlusion compatibility</UserfriendlyName>
      <HexSettingID>0x002C7F45</HexSettingID>
      <Description />
      <GroupName>Compatibility</GroupName>
      <SettingValues />
      <SettingMasks />
    </CustomSetting>
    <CustomSetting>
      <UserfriendlyName>Antialiasing - Gamma correction</UserfriendlyName>
      <HexSettingID>0x107D639D</HexSettingID>
      <Description />
      <GroupName />
      <SettingValues>
        <CustomSettingValue>
          <UserfriendlyName>Off</UserfriendlyName>
          <HexValue>0x00000000</HexValue>
        </CustomSettingValue>
        <CustomSettingValue>
          <UserfriendlyName>On</UserfriendlyName>
          <HexValue>0x00000002</HexValue>
        </CustomSettingValue>
      </SettingValues>
      <SettingMasks />
    </CustomSetting>
    <CustomSetting>
      <UserfriendlyName>Antialiasing - Behavior Flags</UserfriendlyName>
      <HexSettingID>0x10ECDB82</HexSettingID>
      <Description />
      <GroupName />
      <SettingValues>
        <CustomSettingValue>
          <UserfriendlyName>None</UserfriendlyName>
          <HexValue>0x00000000</HexValue>
        </CustomSettingValue>
        <CustomSettingValue>
          <UserfriendlyName>Treat 'Override any application setting' as 'Application-controlled'</UserfriendlyName>
          <HexValue>0x00000001</HexValue>
        </CustomSettingValue>
        <CustomSettingValue>
          <UserfriendlyName>Treat 'Override any application setting' as 'Enhance the application setting'</UserfriendlyName>
          <HexValue>0x00000002</HexValue>
        </CustomSettingValue>
        <CustomSettingValue>
          <UserfriendlyName>Disable 'Override any application setting'</UserfriendlyName>
          <HexValue>0x00000003</HexValue>
        </CustomSettingValue>
        <CustomSettingValue>
          <UserfriendlyName>Treat 'Enhance the application setting' as 'Application-controlled'</UserfriendlyName>
          <HexValue>0x00000004</HexValue>
        </CustomSettingValue>
        <CustomSettingValue>
          <UserfriendlyName>Treat 'Enhance the application setting' as 'Override any application setting'</UserfriendlyName>
          <HexValue>0x00000008</HexValue>
        </CustomSettingValue>
        <CustomSettingValue>
          <UserfriendlyName>Disable 'Enhance the application setting'</UserfriendlyName>
          <HexValue>0x0000000C</HexValue>
        </CustomSettingValue>
        <CustomSettingValue>
          <UserfriendlyName>Disable Antialiasing at NVIDIA Control Panel</UserfriendlyName>
          <HexValue>0x00040000</HexValue>
        </CustomSettingValue>
      </SettingValues>
      <SettingMasks />
    </CustomSetting>
    <CustomSetting>
      <UserfriendlyName>Antialiasing - Mode</UserfriendlyName>
      <HexSettingID>0x107EFC5B</HexSettingID>
      <Description />
      <GroupName />
      <SettingValues>
        <CustomSettingValue>
          <UserfriendlyName>Application-controlled</UserfriendlyName>
          <HexValue>0x00000000</HexValue>
        </CustomSettingValue>
        <CustomSettingValue>
          <UserfriendlyName>Override any application setting</UserfriendlyName>
          <HexValue>0x00000001</HexValue>
        </CustomSettingValue>
        <CustomSettingValue>
          <UserfriendlyName>Enhance the application setting</UserfriendlyName>
          <HexValue>0x00000002</HexValue>
        </CustomSettingValue>
      </SettingValues>
      <SettingMasks />
    </CustomSetting>
    <CustomSetting>
      <UserfriendlyName>Antialiasing - Setting</UserfriendlyName>
      <HexSettingID>0x10D773D2</HexSettingID>
      <Description />
      <GroupName />
      <SettingValues>
        <CustomSettingValue>
          <UserfriendlyName>Application-controlled / Off</UserfriendlyName>
          <HexValue>0x00000000</HexValue>
        </CustomSettingValue>
        <CustomSettingValue>
          <UserfriendlyName>2x [2x Multisampling]</UserfriendlyName>
          <HexValue>0x0000000E</HexValue>
        </CustomSettingValue>
        <CustomSettingValue>
          <UserfriendlyName>2xQ [2x Quincunx (blurred)]</UserfriendlyName>
          <HexValue>0x0000000F</HexValue>
        </CustomSettingValue>
        <CustomSettingValue>
          <UserfriendlyName>4x [4x Multisampling]</UserfriendlyName>
          <HexValue>0x00000010</HexValue>
        </CustomSettingValue>
        <CustomSettingValue>
          <UserfriendlyName>8x [8x CSAA (4 color + 4 cv samples)]</UserfriendlyName>
          <HexValue>0x00000026</HexValue>
        </CustomSettingValue>
        <CustomSettingValue>
          <UserfriendlyName>16x [16x CSAA (4 color + 12 cv samples)]</UserfriendlyName>
          <HexValue>0x00000027</HexValue>
        </CustomSettingValue>
        <CustomSettingValue>
          <UserfriendlyName>8xQ [8x Multisampling]</UserfriendlyName>
          <HexValue>0x00000025</HexValue>
        </CustomSettingValue>
        <CustomSettingValue>
          <UserfriendlyName>16xQ [16x CSAA (8 color + 8 cv samples)]</UserfriendlyName>
          <HexValue>0x00000028</HexValue>
        </CustomSettingValue>
        <CustomSettingValue>
          <UserfriendlyName>32x [32x CSAA (8 color + 24 cv samples)]</UserfriendlyName>
          <HexValue>0x0000001D</HexValue>
        </CustomSettingValue>
        <CustomSettingValue>
          <UserfriendlyName>2x1 [2x1 Supersampling (D3D only)]</UserfriendlyName>
          <HexValue>0x00000001</HexValue>
        </CustomSettingValue>
        <CustomSettingValue>
          <UserfriendlyName>1x2 [1x2 Supersampling (D3D only)]</UserfriendlyName>
          <HexValue>0x00000002</HexValue>
        </CustomSettingValue>
        <CustomSettingValue>
          <UserfriendlyName>2x2 [2x2 Supersampling (D3D only)]</UserfriendlyName>
          <HexValue>0x00000005</HexValue>
        </CustomSettingValue>
        <CustomSettingValue>
          <UserfriendlyName>3x3 [3x3 Supersampling (D3D only)]</UserfriendlyName>
          <HexValue>0x0000000A</HexValue>
        </CustomSettingValue>
        <CustomSettingValue>
          <UserfriendlyName>4x4 [4x4 Supersampling (D3D only)]</UserfriendlyName>
          <HexValue>0x0000000C</HexValue>
        </CustomSettingValue>
        <CustomSettingValue>
          <UserfriendlyName>4xS [Combined: 1x2 SS + 2x MS (D3D only)]</UserfriendlyName>
          <HexValue>0x00000013</HexValue>
        </CustomSettingValue>
        <CustomSettingValue>
          <UserfriendlyName>8xS [Combined: 1x2 SS + 4x MS]</UserfriendlyName>
          <HexValue>0x00000018</HexValue>
        </CustomSettingValue>
        <CustomSettingValue>
          <UserfriendlyName>8xSQ [Combined: 2x2 SS + 2x MS]</UserfriendlyName>
          <HexValue>0x00000019</HexValue>
        </CustomSettingValue>
        <CustomSettingValue>
          <UserfriendlyName>12xS [Combined: 2x2 SS + 4x OGMS (D3D only)]</UserfriendlyName>
          <HexValue>0x00000017</HexValue>
        </CustomSettingValue>
        <CustomSettingValue>
          <UserfriendlyName>16xS [Combined: 2x2 SS + 4x MS]</UserfriendlyName>
          <HexValue>0x0000001A</HexValue>
        </CustomSettingValue>
        <CustomSettingValue>
          <UserfriendlyName>32xS [Combined: 2x2 SS + 8x MS]</UserfriendlyName>
          <HexValue>0x00000029</HexValue>
        </CustomSettingValue>
      </SettingValues>
      <SettingMasks />
    </CustomSetting>
    <CustomSetting>
      <UserfriendlyName>Antialiasing - Transparency Multisampling</UserfriendlyName>
      <HexSettingID>0x10FC2D9C</HexSettingID>
      <Description />
      <GroupName />
      <SettingValues>
        <CustomSettingValue>
          <UserfriendlyName>Disabled</UserfriendlyName>
          <HexValue>0x00000000</HexValue>
        </CustomSettingValue>
        <CustomSettingValue>
          <UserfriendlyName>Enabled</UserfriendlyName>
          <HexValue>0x00000004</HexValue>
        </CustomSettingValue>
      </SettingValues>
      <SettingMasks />
    </CustomSetting>
    <CustomSetting>
      <UserfriendlyName>Antialiasing - Transparency Supersampling</UserfriendlyName>
      <HexSettingID>0x10D48A85</HexSettingID>
      <Description />
      <GroupName />
      <SettingValues>
        <CustomSettingValue>
          <UserfriendlyName>Off / Multisampling</UserfriendlyName>
          <HexValue>0x00000000</HexValue>
        </CustomSettingValue>
        <CustomSettingValue>
          <UserfriendlyName>Supersampling</UserfriendlyName>
          <HexValue>0x00000023</HexValue>
        </CustomSettingValue>
        <CustomSettingValue>
          <UserfriendlyName>2x Supersampling</UserfriendlyName>
          <HexValue>0x00000014</HexValue>
        </CustomSettingValue>
        <CustomSettingValue>
          <UserfriendlyName>4x Supersampling</UserfriendlyName>
          <HexValue>0x00000024</HexValue>
        </CustomSettingValue>
        <CustomSettingValue>
          <UserfriendlyName>8x Supersampling</UserfriendlyName>
          <HexValue>0x00000034</HexValue>
        </CustomSettingValue>
        <CustomSettingValue>
          <UserfriendlyName>2x Sparse Grid Supersampling</UserfriendlyName>
          <HexValue>0x00000018</HexValue>
        </CustomSettingValue>
        <CustomSettingValue>
          <UserfriendlyName>4x Sparse Grid Supersampling</UserfriendlyName>
          <HexValue>0x00000028</HexValue>
        </CustomSettingValue>
        <CustomSettingValue>
          <UserfriendlyName>8x Sparse Grid Supersampling</UserfriendlyName>
          <HexValue>0x00000038</HexValue>
        </CustomSettingValue>
      </SettingValues>
      <SettingMasks />
    </CustomSetting>
    <CustomSetting>
      <UserfriendlyName>Anisotropic filtering mode</UserfriendlyName>
      <HexSettingID>0x10D2BB16</HexSettingID>
      <Description />
      <GroupName />
      <SettingValues>
        <CustomSettingValue>
          <UserfriendlyName>Application-controlled</UserfriendlyName>
          <HexValue>0x00000000</HexValue>
        </CustomSettingValue>
        <CustomSettingValue>
          <UserfriendlyName>User-defined / Off</UserfriendlyName>
          <HexValue>0x00000001</HexValue>
        </CustomSettingValue>
      </SettingValues>
      <SettingMasks />
    </CustomSetting>
    <CustomSetting>
      <UserfriendlyName>Anisotropic filtering setting</UserfriendlyName>
      <HexSettingID>0x101E61A9</HexSettingID>
      <Description />
      <GroupName />
      <SettingValues>
        <CustomSettingValue>
          <UserfriendlyName>Off [Point]</UserfriendlyName>
          <HexValue>0x00000000</HexValue>
        </CustomSettingValue>
        <CustomSettingValue>
          <UserfriendlyName>Off [Linear]</UserfriendlyName>
          <HexValue>0x00000001</HexValue>
        </CustomSettingValue>
        <CustomSettingValue>
          <UserfriendlyName>2x</UserfriendlyName>
          <HexValue>0x00000002</HexValue>
        </CustomSettingValue>
        <CustomSettingValue>
          <UserfriendlyName>4x</UserfriendlyName>
          <HexValue>0x00000004</HexValue>
        </CustomSettingValue>
        <CustomSettingValue>
          <UserfriendlyName>6x</UserfriendlyName>
          <HexValue>0x00000004</HexValue>
        </CustomSettingValue>
        <CustomSettingValue>
          <UserfriendlyName>8x</UserfriendlyName>
          <HexValue>0x00000008</HexValue>
        </CustomSettingValue>
        <CustomSettingValue>
          <UserfriendlyName>12x</UserfriendlyName>
          <HexValue>0x0000000C</HexValue>
        </CustomSettingValue>
        <CustomSettingValue>
          <UserfriendlyName>16x</UserfriendlyName>
          <HexValue>0x00000010</HexValue>
        </CustomSettingValue>
      </SettingValues>
      <SettingMasks />
    </CustomSetting>
    <CustomSetting>
      <UserfriendlyName>Texture filtering - Anisotropic filter optimization</UserfriendlyName>
      <HexSettingID>0x0084CD70</HexSettingID>
      <Description />
      <GroupName />
      <SettingValues>
        <CustomSettingValue>
          <UserfriendlyName>Off</UserfriendlyName>
          <HexValue>0x00000000</HexValue>
        </CustomSettingValue>
        <CustomSettingValue>
          <UserfriendlyName>On</UserfriendlyName>
          <HexValue>0x00000001</HexValue>
        </CustomSettingValue>
      </SettingValues>
      <SettingMasks />
    </CustomSetting>
    <CustomSetting>
      <UserfriendlyName>Texture filtering - Anisotropic sample optimization</UserfriendlyName>
      <HexSettingID>0x00E73211</HexSettingID>
      <Description />
      <GroupName />
      <SettingValues>
        <CustomSettingValue>
          <UserfriendlyName>Off</UserfriendlyName>
          <HexValue>0x00000000</HexValue>
        </CustomSettingValue>
        <CustomSettingValue>
          <UserfriendlyName>On</UserfriendlyName>
          <HexValue>0x00000001</HexValue>
        </CustomSettingValue>
      </SettingValues>
      <SettingMasks />
    </CustomSetting>
    <CustomSetting>
      <UserfriendlyName>Texture filtering - Negative LOD bias</UserfriendlyName>
      <HexSettingID>0x0019BB68</HexSettingID>
      <Description />
      <GroupName />
      <SettingValues>
        <CustomSettingValue>
          <UserfriendlyName>Allow</UserfriendlyName>
          <HexValue>0x00000000</HexValue>
        </CustomSettingValue>
        <CustomSettingValue>
          <UserfriendlyName>Clamp</UserfriendlyName>
          <HexValue>0x00000001</HexValue>
        </CustomSettingValue>
      </SettingValues>
      <SettingMasks />
    </CustomSetting>
    <CustomSetting>
      <UserfriendlyName>Texture filtering - Quality</UserfriendlyName>
      <HexSettingID>0x00CE2691</HexSettingID>
      <Description />
      <GroupName />
      <SettingValues>
        <CustomSettingValue>
          <UserfriendlyName>Quality</UserfriendlyName>
          <HexValue>0x00000000</HexValue>
        </CustomSettingValue>
        <CustomSettingValue>
          <UserfriendlyName>Performance</UserfriendlyName>
          <HexValue>0x0000000A</HexValue>
        </CustomSettingValue>
        <CustomSettingValue>
          <UserfriendlyName>High performance</UserfriendlyName>
          <HexValue>0x00000014</HexValue>
        </CustomSettingValue>
        <CustomSettingValue>
          <UserfriendlyName>High quality</UserfriendlyName>
          <HexValue>0xFFFFFFF6</HexValue>
        </CustomSettingValue>
      </SettingValues>
      <SettingMasks />
    </CustomSetting>
    <CustomSetting>
      <UserfriendlyName>Texture filtering - Trilinear optimization</UserfriendlyName>
      <HexSettingID>0x002ECAF2</HexSettingID>
      <Description />
      <GroupName />
      <SettingValues>
        <CustomSettingValue>
          <UserfriendlyName>On ( will be ignored if using high quality )</UserfriendlyName>
          <HexValue>0x00000000</HexValue>
        </CustomSettingValue>
        <CustomSettingValue>
          <UserfriendlyName>Off</UserfriendlyName>
          <HexValue>0x00000001</HexValue>
        </CustomSettingValue>
      </SettingValues>
      <SettingMasks />
    </CustomSetting>
    <CustomSetting>
      <UserfriendlyName>Ambient Occlusion usage</UserfriendlyName>
      <HexSettingID>0x00664339</HexSettingID>
      <Description />
      <GroupName />
      <SettingValues>
        <CustomSettingValue>
          <UserfriendlyName>Disabled</UserfriendlyName>
          <HexValue>0x00000000</HexValue>
        </CustomSettingValue>
        <CustomSettingValue>
          <UserfriendlyName>Enabled</UserfriendlyName>
          <HexValue>0x00000001</HexValue>
        </CustomSettingValue>
      </SettingValues>
      <SettingMasks />
    </CustomSetting>
    <CustomSetting>
      <UserfriendlyName>Ambient Occlusion setting</UserfriendlyName>
      <HexSettingID>0x00667329</HexSettingID>
      <Description />
      <GroupName />
      <SettingValues>
        <CustomSettingValue>
          <UserfriendlyName>Off</UserfriendlyName>
          <HexValue>0x00000000</HexValue>
        </CustomSettingValue>
        <CustomSettingValue>
          <UserfriendlyName>Performance</UserfriendlyName>
          <HexValue>0x00000001</HexValue>
        </CustomSettingValue>
        <CustomSettingValue>
          <UserfriendlyName>Quality</UserfriendlyName>
          <HexValue>0x00000002</HexValue>
        </CustomSettingValue>
        <CustomSettingValue>
          <UserfriendlyName>High quality</UserfriendlyName>
          <HexValue>0x00000003</HexValue>
        </CustomSettingValue>
      </SettingValues>
      <SettingMasks />
    </CustomSetting>
    <CustomSetting>
      <UserfriendlyName>Maximum pre-rendered frames</UserfriendlyName>
      <HexSettingID>0x007BA09E</HexSettingID>
      <Description />
      <GroupName />
      <SettingValues>
        <CustomSettingValue>
          <UserfriendlyName>Use the 3D application setting</UserfriendlyName>
          <HexValue>0x00000000</HexValue>
        </CustomSettingValue>
        <CustomSettingValue>
          <UserfriendlyName>1</UserfriendlyName>
          <HexValue>0x00000001</HexValue>
        </CustomSettingValue>
        <CustomSettingValue>
          <UserfriendlyName>2</UserfriendlyName>
          <HexValue>0x00000002</HexValue>
        </CustomSettingValue>
        <CustomSettingValue>
          <UserfriendlyName>3</UserfriendlyName>
          <HexValue>0x00000003</HexValue>
        </CustomSettingValue>
        <CustomSettingValue>
          <UserfriendlyName>4</UserfriendlyName>
          <HexValue>0x00000004</HexValue>
        </CustomSettingValue>
        <CustomSettingValue>
          <UserfriendlyName>5</UserfriendlyName>
          <HexValue>0x00000005</HexValue>
        </CustomSettingValue>
        <CustomSettingValue>
          <UserfriendlyName>6</UserfriendlyName>
          <HexValue>0x00000006</HexValue>
        </CustomSettingValue>
        <CustomSettingValue>
          <UserfriendlyName>7</UserfriendlyName>
          <HexValue>0x00000007</HexValue>
        </CustomSettingValue>
        <CustomSettingValue>
          <UserfriendlyName>8</UserfriendlyName>
          <HexValue>0x00000008</HexValue>
        </CustomSettingValue>
      </SettingValues>
      <SettingMasks />
    </CustomSetting>
    <CustomSetting>
      <UserfriendlyName>Threaded optimization</UserfriendlyName>
      <HexSettingID>0x20C1221E</HexSettingID>
      <Description />
      <GroupName />
      <SettingValues>
        <CustomSettingValue>
          <UserfriendlyName>Auto</UserfriendlyName>
          <HexValue>0x00000000</HexValue>
        </CustomSettingValue>
        <CustomSettingValue>
          <UserfriendlyName>On</UserfriendlyName>
          <HexValue>0x00000001</HexValue>
        </CustomSettingValue>
        <CustomSettingValue>
          <UserfriendlyName>Off</UserfriendlyName>
          <HexValue>0x00000002</HexValue>
        </CustomSettingValue>
      </SettingValues>
      <SettingMasks />
    </CustomSetting>
    <CustomSetting>
      <UserfriendlyName>Triple buffering</UserfriendlyName>
      <HexSettingID>0x20FDD1F9</HexSettingID>
      <Description />
      <GroupName />
      <SettingValues>
        <CustomSettingValue>
          <UserfriendlyName>Off</UserfriendlyName>
          <HexValue>0x00000000</HexValue>
        </CustomSettingValue>
        <CustomSettingValue>
          <UserfriendlyName>On</UserfriendlyName>
          <HexValue>0x00000001</HexValue>
        </CustomSettingValue>
      </SettingValues>
      <SettingMasks />
    </CustomSetting>
    <CustomSetting>
      <UserfriendlyName>Vertical Sync</UserfriendlyName>
      <HexSettingID>0x00A879CF</HexSettingID>
      <Description />
      <GroupName />
      <SettingValues>
        <CustomSettingValue>
          <UserfriendlyName>Force off</UserfriendlyName>
          <HexValue>0x08416747</HexValue>
        </CustomSettingValue>
        <CustomSettingValue>
          <UserfriendlyName>Force on</UserfriendlyName>
          <HexValue>0x47814940</HexValue>
        </CustomSettingValue>
        <CustomSettingValue>
          <UserfriendlyName>Use the 3D application setting</UserfriendlyName>
          <HexValue>0x60925292</HexValue>
        </CustomSettingValue>
        <CustomSettingValue>
          <UserfriendlyName>1/2 Refresh Rate</UserfriendlyName>
          <HexValue>0x32610244</HexValue>
        </CustomSettingValue>
        <CustomSettingValue>
          <UserfriendlyName>1/3 Refresh Rate</UserfriendlyName>
          <HexValue>0x71271021</HexValue>
        </CustomSettingValue>
        <CustomSettingValue>
          <UserfriendlyName>1/4 Refresh Rate</UserfriendlyName>
          <HexValue>0x13245256</HexValue>
        </CustomSettingValue>      
      </SettingValues>
      <SettingMasks />
    </CustomSetting>
    <CustomSetting>
      <UserfriendlyName>Vertical Sync Tear Control</UserfriendlyName>
      <HexSettingID>0x005A375C</HexSettingID>
      <MinRequiredDriverVersion>300.00</MinRequiredDriverVersion>      
      <Description />
      <GroupName>Common</GroupName>
      <SettingValues>
        <CustomSettingValue>
          <UserfriendlyName>Standard</UserfriendlyName>
          <HexValue>0x96861077</HexValue>
        </CustomSettingValue>
        <CustomSettingValue>
          <UserfriendlyName>Adaptive</UserfriendlyName>
          <HexValue>0x99941284</HexValue>
        </CustomSettingValue>
      </SettingValues>
      <SettingMasks />
    </CustomSetting>
    <CustomSetting>
      <UserfriendlyName>Show PhysX Visual Indicator</UserfriendlyName>
      <HexSettingID>0x1094F16F</HexSettingID>
      <Description />
      <GroupName />
      <SettingValues>
        <CustomSettingValue>
          <UserfriendlyName>On</UserfriendlyName>
          <HexValue>0x24545582</HexValue>
        </CustomSettingValue>
        <CustomSettingValue>
          <UserfriendlyName>Off</UserfriendlyName>
          <HexValue>0x34534064</HexValue>
        </CustomSettingValue>
      </SettingValues>
      <SettingMasks />
    </CustomSetting>
    <CustomSetting>
      <UserfriendlyName>Power management mode</UserfriendlyName>
      <HexSettingID>0x1057EB71</HexSettingID>
      <Description />
      <GroupName />
      <SettingValues>
        <CustomSettingValue>
          <UserfriendlyName>Adaptive</UserfriendlyName>
          <HexValue>0x00000000</HexValue>
        </CustomSettingValue>
        <CustomSettingValue>
          <UserfriendlyName>Prefer maximum performance</UserfriendlyName>
          <HexValue>0x00000001</HexValue>
        </CustomSettingValue>
      </SettingValues>
      <SettingMasks />
    </CustomSetting>
    <CustomSetting>
      <UserfriendlyName>Extension limit</UserfriendlyName>
      <HexSettingID>0x20FF7493</HexSettingID>
      <Description />
      <GroupName />
      <SettingValues>
        <CustomSettingValue>
          <UserfriendlyName>Off</UserfriendlyName>
          <HexValue>0x00000000</HexValue>
        </CustomSettingValue>
        <CustomSettingValue>
          <UserfriendlyName>On</UserfriendlyName>
          <HexValue>0x00000001</HexValue>
        </CustomSettingValue>
      </SettingValues>
      <SettingMasks />
    </CustomSetting>
    <CustomSetting>
      <UserfriendlyName>Multi-display/mixed-GPU acceleration</UserfriendlyName>
      <HexSettingID>0x200AEBFC</HexSettingID>
      <Description />
      <GroupName />
      <SettingValues>
        <CustomSettingValue>
          <UserfriendlyName>Single display performance mode</UserfriendlyName>
          <HexValue>0x00000000</HexValue>
        </CustomSettingValue>
        <CustomSettingValue>
          <UserfriendlyName>Compatibility performance mode</UserfriendlyName>
          <HexValue>0x00000001</HexValue>
        </CustomSettingValue>
        <CustomSettingValue>
          <UserfriendlyName>Multi display performance mode</UserfriendlyName>
          <HexValue>0x00000003</HexValue>
        </CustomSettingValue>
      </SettingValues>
      <SettingMasks />
    </CustomSetting>
  </Settings>
</CustomSettingNames>